{	"SampleFileName": "pishing_08012020_120000.csv",
	"LengthOfDateStampInFile": 8,
	"LengthOfTimeStampInFile": 6,
	"NumberofColumns" : 31,
	"ColName": {
				"having_IP_Address": "INTEGER" ,
				"URL_Length": "INTEGER" ,
				"Shortining_Service": "INTEGER" ,
				"having_At_Symbol": "INTEGER" ,
				"double_slash_redirecting": "INTEGER" ,
				"Prefix_Suffix": "INTEGER" ,
				"having_Sub_Domain": "INTEGER" ,
				"SSLfinal_State": "INTEGER" ,
				"Domain_registeration_length": "INTEGER" ,
				"Favicon": "INTEGER" ,
				"port": "INTEGER" ,
				"HTTPS_token": "INTEGER" ,
				"Request_URL": "INTEGER" ,
				"URL_of_Anchor": "INTEGER" ,
				"Links_in_tags": "INTEGER" ,
				"SFH": "INTEGER" ,
				"Submitting_to_email": "INTEGER" ,
				"Abnormal_URL": "INTEGER" ,
				"Redirect": "INTEGER" ,
				"on_mouseover": "INTEGER" ,
				"RightClick": "INTEGER" ,
				"popUpWidnow": "INTEGER" ,
				"Iframe": "INTEGER" ,
				"age_of_domain": "INTEGER" ,
				"DNSRecord": "INTEGER" ,
				"web_traffic": "INTEGER" ,
				"Page_Rank": "INTEGER" ,
				"Google_Index": "INTEGER" ,
				"Links_pointing_to_page": "INTEGER" ,
				"Statistical_report": "INTEGER" ,
				"Result" : "INTEGER"

	}
}
